{
  "location": "/Users/felixwu/code/AxiomaticDeepVoting/WP1/results_table3_2026-05-02_19-00-59",
  "list_of_architectures": [
    "MLP",
    "CNN",
    "WEC"
  ],
  "num_folds": 10,
  "rule_name": "Plurality",
  "max_num_voters": 55,
  "max_num_alternatives": 5,
  "dataset_size": 100000,
  "batch_size": 200,
  "epochs": 8,
  "learning_rate": 0.001,
  "weight_decay": 0.0,
  "scheduler_T0": 100,
  "election_sampling": {
    "probmodel": "IC"
  },
  "we_corpus_size": 100000,
  "we_dim": 200,
  "we_window": 7,
  "we_algorithm": 1,
  "random_seed": 42,
  "MLP_fold_0": {
    "result": {
      "train_loss": 0.011944939382374287,
      "train_accuracy": 0.9791,
      "test_loss": 0.02681872621178627,
      "test_accuracy": 0.9563
    },
    "runtime_sec": 52.86322212219238
  },
  "MLP_fold_1": {
    "result": {
      "train_loss": 0.010519006289541721,
      "train_accuracy": 0.9812888888888889,
      "test_loss": 0.0260110255330801,
      "test_accuracy": 0.9585
    },
    "runtime_sec": 51.891597032547
  },
  "MLP_fold_2": {
    "result": {
      "train_loss": 0.008030980825424194,
      "train_accuracy": 0.9864222222222222,
      "test_loss": 0.026171080768108368,
      "test_accuracy": 0.9584
    },
    "runtime_sec": 53.035207748413086
  },
  "MLP_fold_3": {
    "result": {
      "train_loss": 0.008194426074624062,
      "train_accuracy": 0.9858111111111111,
      "test_loss": 0.025412313640117645,
      "test_accuracy": 0.96
    },
    "runtime_sec": 52.60130190849304
  },
  "MLP_fold_4": {
    "result": {
      "train_loss": 0.00797333475202322,
      "train_accuracy": 0.9862888888888889,
      "test_loss": 0.021816633641719818,
      "test_accuracy": 0.9621
    },
    "runtime_sec": 53.996549129486084
  },
  "MLP_fold_5": {
    "result": {
      "train_loss": 0.012690472416579723,
      "train_accuracy": 0.9785666666666667,
      "test_loss": 0.030007200315594673,
      "test_accuracy": 0.9547
    },
    "runtime_sec": 51.99325108528137
  },
  "MLP_fold_6": {
    "result": {
      "train_loss": 0.009533974342048168,
      "train_accuracy": 0.9835333333333334,
      "test_loss": 0.025553112849593163,
      "test_accuracy": 0.9613
    },
    "runtime_sec": 51.527422189712524
  },
  "MLP_fold_7": {
    "result": {
      "train_loss": 0.0069606732577085495,
      "train_accuracy": 0.9881222222222222,
      "test_loss": 0.021278472617268562,
      "test_accuracy": 0.9674
    },
    "runtime_sec": 50.688941955566406
  },
  "MLP_fold_8": {
    "result": {
      "train_loss": 0.006302725989371538,
      "train_accuracy": 0.9893666666666666,
      "test_loss": 0.023435084149241447,
      "test_accuracy": 0.9614
    },
    "runtime_sec": 50.4521427154541
  },
  "MLP_fold_9": {
    "result": {
      "train_loss": 0.009950446896255016,
      "train_accuracy": 0.9826666666666667,
      "test_loss": 0.02731698751449585,
      "test_accuracy": 0.9589
    },
    "runtime_sec": 51.74957084655762
  },
  "CNN_fold_0": {
    "result": {
      "train_loss": 0.007183731067925692,
      "train_accuracy": 0.9876555555555555,
      "test_loss": 0.008867869153618813,
      "test_accuracy": 0.9859
    },
    "runtime_sec": 227.277596950531
  },
  "CNN_fold_1": {
    "result": {
      "train_loss": 0.009763133712112904,
      "train_accuracy": 0.9828,
      "test_loss": 0.01263988483697176,
      "test_accuracy": 0.9768
    },
    "runtime_sec": 222.67321801185608
  },
  "CNN_fold_2": {
    "result": {
      "train_loss": 0.020685628056526184,
      "train_accuracy": 0.9584666666666667,
      "test_loss": 0.023974018171429634,
      "test_accuracy": 0.9537
    },
    "runtime_sec": 221.26772212982178
  },
  "CNN_fold_3": {
    "result": {
      "train_loss": 0.013275733217597008,
      "train_accuracy": 0.9777222222222223,
      "test_loss": 0.015295740216970444,
      "test_accuracy": 0.9732
    },
    "runtime_sec": 225.6243817806244
  },
  "CNN_fold_4": {
    "result": {
      "train_loss": 0.015060416422784328,
      "train_accuracy": 0.9721888888888889,
      "test_loss": 0.018997658044099808,
      "test_accuracy": 0.9656
    },
    "runtime_sec": 223.30126881599426
  },
  "CNN_fold_5": {
    "result": {
      "train_loss": 0.022189663723111153,
      "train_accuracy": 0.9565111111111111,
      "test_loss": 0.02407940849661827,
      "test_accuracy": 0.9549
    },
    "runtime_sec": 224.92106795310974
  },
  "CNN_fold_6": {
    "result": {
      "train_loss": 0.00834617204964161,
      "train_accuracy": 0.9859888888888889,
      "test_loss": 0.01123421173542738,
      "test_accuracy": 0.9812
    },
    "runtime_sec": 223.35545682907104
  },
  "CNN_fold_7": {
    "result": {
      "train_loss": 0.025496749207377434,
      "train_accuracy": 0.9541666666666667,
      "test_loss": 0.02931719273328781,
      "test_accuracy": 0.9487
    },
    "runtime_sec": 224.47723197937012
  },
  "CNN_fold_8": {
    "result": {
      "train_loss": 0.0044742729514837265,
      "train_accuracy": 0.9937444444444444,
      "test_loss": 0.007153665646910667,
      "test_accuracy": 0.9887
    },
    "runtime_sec": 225.69139981269836
  },
  "CNN_fold_9": {
    "result": {
      "train_loss": 0.010698500089347363,
      "train_accuracy": 0.9802222222222222,
      "test_loss": 0.013429393991827965,
      "test_accuracy": 0.9768
    },
    "runtime_sec": 225.75141286849976
  },
  "WEC_fold_0": {
    "result": {
      "train_loss": 0.0026645991019904613,
      "train_accuracy": 0.9984888888888889,
      "test_loss": 0.002738989656791091,
      "test_accuracy": 0.9983
    },
    "runtime_sec": 12.721060276031494
  },
  "WEC_fold_1": {
    "result": {
      "train_loss": 0.0004991095047444105,
      "train_accuracy": 0.9998444444444444,
      "test_loss": 0.0005196636193431914,
      "test_accuracy": 1.0
    },
    "runtime_sec": 12.220869779586792
  },
  "WEC_fold_2": {
    "result": {
      "train_loss": 0.00017597622354514897,
      "train_accuracy": 0.9999888888888889,
      "test_loss": 0.00021486403420567513,
      "test_accuracy": 1.0
    },
    "runtime_sec": 12.266486644744873
  },
  "WEC_fold_3": {
    "result": {
      "train_loss": 0.00010309628851246089,
      "train_accuracy": 0.9999888888888889,
      "test_loss": 0.00014628587814513594,
      "test_accuracy": 1.0
    },
    "runtime_sec": 12.12226676940918
  },
  "WEC_fold_4": {
    "result": {
      "train_loss": 0.000575051351916045,
      "train_accuracy": 0.9994444444444445,
      "test_loss": 0.0008279088651761413,
      "test_accuracy": 0.9992
    },
    "runtime_sec": 12.423293828964233
  },
  "WEC_fold_5": {
    "result": {
      "train_loss": 4.6898592700017616e-05,
      "train_accuracy": 1.0,
      "test_loss": 4.375327262096107e-05,
      "test_accuracy": 1.0
    },
    "runtime_sec": 12.667351007461548
  },
  "WEC_fold_6": {
    "result": {
      "train_loss": 9.121422772295773e-05,
      "train_accuracy": 1.0,
      "test_loss": 0.00012294657062739134,
      "test_accuracy": 0.9999
    },
    "runtime_sec": 13.074992895126343
  },
  "WEC_fold_7": {
    "result": {
      "train_loss": 3.535395808285102e-05,
      "train_accuracy": 1.0,
      "test_loss": 0.0001150073076132685,
      "test_accuracy": 0.9999
    },
    "runtime_sec": 12.767079830169678
  },
  "WEC_fold_8": {
    "result": {
      "train_loss": 4.078582423971966e-05,
      "train_accuracy": 1.0,
      "test_loss": 4.857630847254768e-05,
      "test_accuracy": 1.0
    },
    "runtime_sec": 12.938102960586548
  },
  "WEC_fold_9": {
    "result": {
      "train_loss": 3.159183688694611e-05,
      "train_accuracy": 1.0,
      "test_loss": 5.289146793074906e-05,
      "test_accuracy": 0.9999
    },
    "runtime_sec": 13.158629179000854
  }
}